{
  "test_mse_norm": 0.02687,
  "best_epoch": 187,
  "mare_von_mises_pct": 14.21,
  "r2_ux": 0.9805,
  "rmse_ux": 0.007705,
  "r2_uz": 0.9533,
  "rmse_uz": 0.296619,
  "r2_von_mises": 0.9161,
  "rmse_von_mises": 20.640385
}