{
  "test_mse_norm": 0.113532,
  "best_epoch": 126,
  "mare_von_mises_pct": 16.46,
  "r2_ux": 0.9723,
  "rmse_ux": 0.012293,
  "r2_uz": 0.968,
  "rmse_uz": 0.417358,
  "r2_von_mises": 0.8376,
  "rmse_von_mises": 40.244957
}